Location,Building Short Name,Floor #,Std_or_AWP,Capacity,Fiscal Year
Bangalore,BAN-4A,8th Floor,AWP,12,FY2025
Bangalore,BAN-4A,8th Floor,AWP,12,FY2026
Bangalore,BAN-4A,8th Floor,AWP,12,FY2027
Bangalore,BAN-4A,8th Floor,AWP,12,FY2028
Bangalore,BAN-4A,8th Floor,AWP,12,FY2029
Bangalore,BAN-4A,8th Floor,AWP,12,FY2030
Bangalore,BAN-4A,4th Floor,STD,225,FY2025
Bangalore,BAN-4A,4th Floor,STD,225,FY2026
Bangalore,BAN-4A,4th Floor,STD,225,FY2027
Bangalore,BAN-4A,4th Floor,STD,225,FY2028
Bangalore,BAN-4A,4th Floor,STD,225,FY2029
Bangalore,BAN-4A,4th Floor,STD,225,FY2030
Atlanta,ATL-03,T1 - 5th Floor,AWP,35,FY2025
Atlanta,ATL-03,T1 - 5th Floor,AWP,35,FY2026
Atlanta,ATL-03,T1 - 5th Floor,AWP,35,FY2027
Atlanta,ATL-03,T1 - 5th Floor,AWP,35,FY2028
Atlanta,ATL-03,T1 - 5th Floor,AWP,35,FY2029
Atlanta,ATL-03,T1 - 5th Floor,AWP,35,FY2030
Tel Aviv,TLV-02,5th Floor,STD,101,FY2025
Tel Aviv,TLV-02,5th Floor,STD,101,FY2026
Tel Aviv,TLV-02,5th Floor,STD,101,FY2027
Tel Aviv,TLV-02,5th Floor,STD,101,FY2028
Tel Aviv,TLV-02,5th Floor,STD,101,FY2029
Tel Aviv,TLV-02,5th Floor,STD,101,FY2030
Bangalore,BAN-08,5th Floor,AWP,18,FY2025
Bangalore,BAN-08,5th Floor,AWP,18,FY2026
Bangalore,BAN-08,5th Floor,AWP,18,FY2027
Bangalore,BAN-08,5th Floor,AWP,18,FY2028
Bangalore,BAN-08,5th Floor,AWP,18,FY2029
Bangalore,BAN-08,5th Floor,AWP,18,FY2030
Los Angeles,LOS-01,22nd Floor,STD,140,FY2025
Los Angeles,LOS-01,22nd Floor,STD,140,FY2026
Los Angeles,LOS-01,22nd Floor,STD,140,FY2027
Los Angeles,LOS-01,22nd Floor,STD,140,FY2028
Los Angeles,LOS-01,22nd Floor,STD,140,FY2029
Los Angeles,LOS-01,22nd Floor,STD,140,FY2030
Plano,PLN-B,2nd Floor,STD,150,FY2025
Plano,PLN-B,2nd Floor,STD,150,FY2026
Plano,PLN-B,2nd Floor,STD,150,FY2027
Plano,PLN-B,2nd Floor,STD,150,FY2028
Plano,PLN-B,2nd Floor,STD,150,FY2029
Plano,PLN-B,2nd Floor,STD,150,FY2030
Bangalore,BAN-08,3rd Floor,AWP,15,FY2025
Bangalore,BAN-08,3rd Floor,AWP,15,FY2026
Bangalore,BAN-08,3rd Floor,AWP,15,FY2027
Bangalore,BAN-08,3rd Floor,AWP,15,FY2028
Bangalore,BAN-08,3rd Floor,AWP,15,FY2029
Bangalore,BAN-08,3rd Floor,AWP,15,FY2030
Mountain View,MTV-04,1st Floor,STD,113,FY2025
Mountain View,MTV-04,1st Floor,STD,113,FY2026
Mountain View,MTV-04,1st Floor,STD,113,FY2027
Mountain View,MTV-04,1st Floor,STD,113,FY2028
Mountain View,MTV-04,1st Floor,STD,113,FY2029
Mountain View,MTV-04,1st Floor,STD,113,FY2030
Tel Aviv,TLV-02,8th Floor,AWP,8,FY2025
Tel Aviv,TLV-02,8th Floor,AWP,8,FY2026
Tel Aviv,TLV-02,8th Floor,AWP,8,FY2027
Tel Aviv,TLV-02,8th Floor,AWP,8,FY2028
Tel Aviv,TLV-02,8th Floor,AWP,8,FY2029
Tel Aviv,TLV-02,8th Floor,AWP,8,FY2030
Tel Aviv,TLV-02,9th Floor,AWP,8,FY2025
Tel Aviv,TLV-02,9th Floor,AWP,8,FY2026
Tel Aviv,TLV-02,9th Floor,AWP,8,FY2027
Tel Aviv,TLV-02,9th Floor,AWP,8,FY2028
Tel Aviv,TLV-02,9th Floor,AWP,8,FY2029
Tel Aviv,TLV-02,9th Floor,AWP,8,FY2030
Paris,PAR-03,5th Floor,STD,1,FY2025
Paris,PAR-03,5th Floor,STD,1,FY2026
Paris,PAR-03,5th Floor,STD,1,FY2027
Paris,PAR-03,5th Floor,STD,1,FY2028
Paris,PAR-03,5th Floor,STD,1,FY2029
Paris,PAR-03,5th Floor,STD,1,FY2030
Mountain View,MTV-14,1st Floor,STD,83,FY2025
Mountain View,MTV-14,1st Floor,STD,83,FY2026
Mountain View,MTV-14,1st Floor,STD,83,FY2027
Mountain View,MTV-14,1st Floor,STD,83,FY2028
Mountain View,MTV-14,1st Floor,STD,83,FY2029
Mountain View,MTV-14,1st Floor,STD,83,FY2030
Mountain View,MTV-04,2nd Floor,STD,119,FY2025
Mountain View,MTV-04,2nd Floor,STD,119,FY2026
Mountain View,MTV-04,2nd Floor,STD,119,FY2027
Mountain View,MTV-04,2nd Floor,STD,119,FY2028
Mountain View,MTV-04,2nd Floor,STD,119,FY2029
Mountain View,MTV-04,2nd Floor,STD,119,FY2030
Bangalore,BAN-4A,6th Floor,AWP,10,FY2025
Bangalore,BAN-4A,6th Floor,AWP,10,FY2026
Bangalore,BAN-4A,6th Floor,AWP,10,FY2027
Bangalore,BAN-4A,6th Floor,AWP,10,FY2028
Bangalore,BAN-4A,6th Floor,AWP,10,FY2029
Bangalore,BAN-4A,6th Floor,AWP,10,FY2030
San Diego,SDG-2A,3rd Floor,STD,219,FY2025
San Diego,SDG-2A,3rd Floor,STD,219,FY2026
San Diego,SDG-2A,3rd Floor,STD,219,FY2027
San Diego,SDG-2A,3rd Floor,STD,219,FY2028
San Diego,SDG-2A,3rd Floor,STD,219,FY2029
San Diego,SDG-2A,3rd Floor,STD,219,FY2030
Bangalore,BAN-4A,7th Floor,STD,105,FY2025
Bangalore,BAN-4A,7th Floor,STD,105,FY2026
Bangalore,BAN-4A,7th Floor,STD,105,FY2027
Bangalore,BAN-4A,7th Floor,STD,105,FY2028
Bangalore,BAN-4A,7th Floor,STD,105,FY2029
Bangalore,BAN-4A,7th Floor,STD,105,FY2030
Toronto,TOR-01,16th Floor,AWP,56,FY2025
Toronto,TOR-01,16th Floor,AWP,56,FY2026
Toronto,TOR-01,16th Floor,AWP,56,FY2027
Toronto,TOR-01,16th Floor,AWP,56,FY2028
Toronto,TOR-01,16th Floor,AWP,56,FY2029
Toronto,TOR-01,16th Floor,AWP,56,FY2030
Bangalore,BAN-4A,4th Floor,AWP,20,FY2025
Bangalore,BAN-4A,4th Floor,AWP,20,FY2026
Bangalore,BAN-4A,4th Floor,AWP,20,FY2027
Bangalore,BAN-4A,4th Floor,AWP,20,FY2028
Bangalore,BAN-4A,4th Floor,AWP,20,FY2029
Bangalore,BAN-4A,4th Floor,AWP,20,FY2030
Mountain View,MTV-22,2nd Floor,AWP,97,FY2025
Mountain View,MTV-22,2nd Floor,AWP,97,FY2026
Mountain View,MTV-22,2nd Floor,AWP,97,FY2027
Mountain View,MTV-22,2nd Floor,AWP,97,FY2028
Mountain View,MTV-22,2nd Floor,AWP,97,FY2029
Mountain View,MTV-22,2nd Floor,AWP,97,FY2030
London,LON-04,5th Floor,AWP,22,FY2025
London,LON-04,5th Floor,AWP,22,FY2026
London,LON-04,5th Floor,AWP,22,FY2027
London,LON-04,5th Floor,AWP,22,FY2028
London,LON-04,5th Floor,AWP,22,FY2029
London,LON-04,5th Floor,AWP,22,FY2030
Atlanta,ATL-03,7th Floor,AWP,100,FY2025
Atlanta,ATL-03,7th Floor,AWP,100,FY2026
Atlanta,ATL-03,7th Floor,AWP,100,FY2027
Atlanta,ATL-03,7th Floor,AWP,100,FY2028
Atlanta,ATL-03,7th Floor,AWP,100,FY2029
Atlanta,ATL-03,7th Floor,AWP,100,FY2030
San Diego,SDG-3A,3rd Floor,AWP,21,FY2025
San Diego,SDG-3A,3rd Floor,AWP,21,FY2026
San Diego,SDG-3A,3rd Floor,AWP,21,FY2027
San Diego,SDG-3A,3rd Floor,AWP,21,FY2028
San Diego,SDG-3A,3rd Floor,AWP,21,FY2029
San Diego,SDG-3A,3rd Floor,AWP,21,FY2030
Plano,PLN-A,2nd Floor,STD,288,FY2025
Plano,PLN-A,2nd Floor,STD,288,FY2026
Plano,PLN-A,2nd Floor,STD,288,FY2027
Plano,PLN-A,2nd Floor,STD,288,FY2028
Plano,PLN-A,2nd Floor,STD,288,FY2029
Plano,PLN-A,2nd Floor,STD,288,FY2030
Mountain View,MTV-05,1st Floor,STD,112,FY2025
Mountain View,MTV-05,1st Floor,STD,112,FY2026
Mountain View,MTV-05,1st Floor,STD,112,FY2027
Mountain View,MTV-05,1st Floor,STD,112,FY2028
Mountain View,MTV-05,1st Floor,STD,112,FY2029
Mountain View,MTV-05,1st Floor,STD,112,FY2030
Mountain View,MTV-11,2nd Floor,AWP,4,FY2025
Mountain View,MTV-11,2nd Floor,AWP,4,FY2026
Mountain View,MTV-11,2nd Floor,AWP,4,FY2027
Mountain View,MTV-11,2nd Floor,AWP,4,FY2028
Mountain View,MTV-11,2nd Floor,AWP,4,FY2029
Mountain View,MTV-11,2nd Floor,AWP,4,FY2030
San Diego,SDG-1A,4th Floor,STD,130,FY2025
San Diego,SDG-1A,4th Floor,STD,130,FY2026
San Diego,SDG-1A,4th Floor,STD,130,FY2027
San Diego,SDG-1A,4th Floor,STD,130,FY2028
San Diego,SDG-1A,4th Floor,STD,130,FY2029
San Diego,SDG-1A,4th Floor,STD,130,FY2030
San Diego,SDG-3A,2nd Floor,STD,211,FY2025
San Diego,SDG-3A,2nd Floor,STD,211,FY2026
San Diego,SDG-3A,2nd Floor,STD,211,FY2027
San Diego,SDG-3A,2nd Floor,STD,211,FY2028
San Diego,SDG-3A,2nd Floor,STD,211,FY2029
San Diego,SDG-3A,2nd Floor,STD,211,FY2030
Tel Aviv,TLV-02,9th Floor,STD,101,FY2025
Tel Aviv,TLV-02,9th Floor,STD,101,FY2026
Tel Aviv,TLV-02,9th Floor,STD,101,FY2027
Tel Aviv,TLV-02,9th Floor,STD,101,FY2028
Tel Aviv,TLV-02,9th Floor,STD,101,FY2029
Tel Aviv,TLV-02,9th Floor,STD,101,FY2030
Atlanta,ATL-03,T1 - 11th Floor Proj,AWP,6,FY2025
Atlanta,ATL-03,T1 - 11th Floor Proj,AWP,6,FY2026
Atlanta,ATL-03,T1 - 11th Floor Proj,AWP,6,FY2027
Atlanta,ATL-03,T1 - 11th Floor Proj,AWP,6,FY2028
Atlanta,ATL-03,T1 - 11th Floor Proj,AWP,6,FY2029
Atlanta,ATL-03,T1 - 11th Floor Proj,AWP,6,FY2030
Toronto,TOR-01,18th Floor,AWP,48,FY2025
Toronto,TOR-01,18th Floor,AWP,48,FY2026
Toronto,TOR-01,18th Floor,AWP,48,FY2027
Toronto,TOR-01,18th Floor,AWP,48,FY2028
Toronto,TOR-01,18th Floor,AWP,48,FY2029
Toronto,TOR-01,18th Floor,AWP,48,FY2030
Plano,PLN-A,2nd Floor,AWP,12,FY2025
Plano,PLN-A,2nd Floor,AWP,12,FY2026
Plano,PLN-A,2nd Floor,AWP,12,FY2027
Plano,PLN-A,2nd Floor,AWP,12,FY2028
Plano,PLN-A,2nd Floor,AWP,12,FY2029
Plano,PLN-A,2nd Floor,AWP,12,FY2030
Plano,PLN-B,1st Floor,AWP,16,FY2025
Plano,PLN-B,1st Floor,AWP,16,FY2026
Plano,PLN-B,1st Floor,AWP,16,FY2027
Plano,PLN-B,1st Floor,AWP,16,FY2028
Plano,PLN-B,1st Floor,AWP,16,FY2029
Plano,PLN-B,1st Floor,AWP,16,FY2030
San Francisco,SFO-04,5th Floor Project,STD,168,FY2025
San Francisco,SFO-04,5th Floor Project,STD,168,FY2026
San Francisco,SFO-04,5th Floor Project,STD,168,FY2027
San Francisco,SFO-04,5th Floor Project,STD,168,FY2028
San Francisco,SFO-04,5th Floor Project,STD,168,FY2029
San Francisco,SFO-04,5th Floor Project,STD,168,FY2030
Plano,PLN-B,1st Floor,STD,114,FY2025
Plano,PLN-B,1st Floor,STD,114,FY2026
Plano,PLN-B,1st Floor,STD,114,FY2027
Plano,PLN-B,1st Floor,STD,114,FY2028
Plano,PLN-B,1st Floor,STD,114,FY2029
Plano,PLN-B,1st Floor,STD,114,FY2030
Mountain View,MTV-14,2nd Floor,AWP,9,FY2025
Mountain View,MTV-14,2nd Floor,AWP,9,FY2026
Mountain View,MTV-14,2nd Floor,AWP,9,FY2027
Mountain View,MTV-14,2nd Floor,AWP,9,FY2028
Mountain View,MTV-14,2nd Floor,AWP,9,FY2029
Mountain View,MTV-14,2nd Floor,AWP,9,FY2030
San Diego,SDG-4A,2nd Floor,AWP,17,FY2025
San Diego,SDG-4A,2nd Floor,AWP,17,FY2026
San Diego,SDG-4A,2nd Floor,AWP,17,FY2027
San Diego,SDG-4A,2nd Floor,AWP,17,FY2028
San Diego,SDG-4A,2nd Floor,AWP,17,FY2029
San Diego,SDG-4A,2nd Floor,AWP,17,FY2030
Mountain View,MTV-05,2nd Floor,STD,145,FY2025
Mountain View,MTV-05,2nd Floor,STD,145,FY2026
Mountain View,MTV-05,2nd Floor,STD,145,FY2027
Mountain View,MTV-05,2nd Floor,STD,145,FY2028
Mountain View,MTV-05,2nd Floor,STD,145,FY2029
Mountain View,MTV-05,2nd Floor,STD,145,FY2030
Dublin,DUB-01,4th Floor,AWP,1,FY2025
Dublin,DUB-01,4th Floor,AWP,1,FY2026
Dublin,DUB-01,4th Floor,AWP,1,FY2027
Dublin,DUB-01,4th Floor,AWP,1,FY2028
Dublin,DUB-01,4th Floor,AWP,1,FY2029
Dublin,DUB-01,4th Floor,AWP,1,FY2030
Tel Aviv,TLV-02,7th Floor,AWP,8,FY2025
Tel Aviv,TLV-02,7th Floor,AWP,8,FY2026
Tel Aviv,TLV-02,7th Floor,AWP,8,FY2027
Tel Aviv,TLV-02,7th Floor,AWP,8,FY2028
Tel Aviv,TLV-02,7th Floor,AWP,8,FY2029
Tel Aviv,TLV-02,7th Floor,AWP,8,FY2030
San Diego,SDG-4A,1st Floor,AWP,6,FY2025
San Diego,SDG-4A,1st Floor,AWP,6,FY2026
San Diego,SDG-4A,1st Floor,AWP,6,FY2027
San Diego,SDG-4A,1st Floor,AWP,6,FY2028
San Diego,SDG-4A,1st Floor,AWP,6,FY2029
San Diego,SDG-4A,1st Floor,AWP,6,FY2030
San Diego,SDG-1A,2nd Floor,STD,156,FY2025
San Diego,SDG-1A,2nd Floor,STD,156,FY2026
San Diego,SDG-1A,2nd Floor,STD,156,FY2027
San Diego,SDG-1A,2nd Floor,STD,156,FY2028
San Diego,SDG-1A,2nd Floor,STD,156,FY2029
San Diego,SDG-1A,2nd Floor,STD,156,FY2030
San Diego,SDG-2A,3rd Floor,AWP,18,FY2025
San Diego,SDG-2A,3rd Floor,AWP,18,FY2026
San Diego,SDG-2A,3rd Floor,AWP,18,FY2027
San Diego,SDG-2A,3rd Floor,AWP,18,FY2028
San Diego,SDG-2A,3rd Floor,AWP,18,FY2029
San Diego,SDG-2A,3rd Floor,AWP,18,FY2030
New York,NYC-04,3rd Floor,STD,235,FY2025
New York,NYC-04,3rd Floor,STD,235,FY2026
New York,NYC-04,3rd Floor,STD,235,FY2027
New York,NYC-04,3rd Floor,STD,235,FY2028
New York,NYC-04,3rd Floor,STD,235,FY2029
New York,NYC-04,3rd Floor,STD,235,FY2030
Sydney,SDY-05,35th Floor,AWP,2,FY2025
Sydney,SDY-05,35th Floor,AWP,2,FY2026
Sydney,SDY-05,35th Floor,AWP,2,FY2027
Sydney,SDY-05,35th Floor,AWP,2,FY2028
Sydney,SDY-05,35th Floor,AWP,2,FY2029
Sydney,SDY-05,35th Floor,AWP,2,FY2030
Mountain View,MTV-09,2nd Floor,STD,102,FY2025
Mountain View,MTV-09,2nd Floor,STD,102,FY2026
Mountain View,MTV-09,2nd Floor,STD,102,FY2027
Mountain View,MTV-09,2nd Floor,STD,102,FY2028
Mountain View,MTV-09,2nd Floor,STD,102,FY2029
Mountain View,MTV-09,2nd Floor,STD,102,FY2030
Mountain View,MTV-05,2nd Floor,AWP,29,FY2025
Mountain View,MTV-05,2nd Floor,AWP,29,FY2026
Mountain View,MTV-05,2nd Floor,AWP,29,FY2027
Mountain View,MTV-05,2nd Floor,AWP,29,FY2028
Mountain View,MTV-05,2nd Floor,AWP,29,FY2029
Mountain View,MTV-05,2nd Floor,AWP,29,FY2030
Mountain View,MTV-07,2nd Floor,STD,121,FY2025
Mountain View,MTV-07,2nd Floor,STD,121,FY2026
Mountain View,MTV-07,2nd Floor,STD,121,FY2027
Mountain View,MTV-07,2nd Floor,STD,121,FY2028
Mountain View,MTV-07,2nd Floor,STD,121,FY2029
Mountain View,MTV-07,2nd Floor,STD,121,FY2030
Mountain View,MTV-20,3rd Floor,AWP,72,FY2025
Mountain View,MTV-20,3rd Floor,AWP,72,FY2026
Mountain View,MTV-20,3rd Floor,AWP,72,FY2027
Mountain View,MTV-20,3rd Floor,AWP,72,FY2028
Mountain View,MTV-20,3rd Floor,AWP,72,FY2029
Mountain View,MTV-20,3rd Floor,AWP,72,FY2030
Mountain View,MTV-09,1st Floor,AWP,8,FY2025
Mountain View,MTV-09,1st Floor,AWP,8,FY2026
Mountain View,MTV-09,1st Floor,AWP,8,FY2027
Mountain View,MTV-09,1st Floor,AWP,8,FY2028
Mountain View,MTV-09,1st Floor,AWP,8,FY2029
Mountain View,MTV-09,1st Floor,AWP,8,FY2030
Washington DC,WDC-02,8th Floor,STD,24,FY2025
Washington DC,WDC-02,8th Floor,STD,24,FY2026
Washington DC,WDC-02,8th Floor,STD,24,FY2027
Washington DC,WDC-02,8th Floor,STD,24,FY2028
Washington DC,WDC-02,8th Floor,STD,24,FY2029
Washington DC,WDC-02,8th Floor,STD,24,FY2030
Reno,RNO-1S,1st Floor,AWP,6,FY2025
Reno,RNO-1S,1st Floor,AWP,6,FY2026
Reno,RNO-1S,1st Floor,AWP,6,FY2027
Reno,RNO-1S,1st Floor,AWP,6,FY2028
Reno,RNO-1S,1st Floor,AWP,6,FY2029
Reno,RNO-1S,1st Floor,AWP,6,FY2030
Atlanta,ATL-03,T1 - 10th Floor Proj,AWP,6,FY2025
Atlanta,ATL-03,T1 - 10th Floor Proj,AWP,6,FY2026
Atlanta,ATL-03,T1 - 10th Floor Proj,AWP,6,FY2027
Atlanta,ATL-03,T1 - 10th Floor Proj,AWP,6,FY2028
Atlanta,ATL-03,T1 - 10th Floor Proj,AWP,6,FY2029
Atlanta,ATL-03,T1 - 10th Floor Proj,AWP,6,FY2030
Tel Aviv,TLV-02,6th Floor,AWP,8,FY2025
Tel Aviv,TLV-02,6th Floor,AWP,8,FY2026
Tel Aviv,TLV-02,6th Floor,AWP,8,FY2027
Tel Aviv,TLV-02,6th Floor,AWP,8,FY2028
Tel Aviv,TLV-02,6th Floor,AWP,8,FY2029
Tel Aviv,TLV-02,6th Floor,AWP,8,FY2030
Atlanta,ATL-03,8th Floor,STD,133,FY2025
Atlanta,ATL-03,8th Floor,STD,133,FY2026
Atlanta,ATL-03,8th Floor,STD,133,FY2027
Atlanta,ATL-03,8th Floor,STD,133,FY2028
Atlanta,ATL-03,8th Floor,STD,133,FY2029
Atlanta,ATL-03,8th Floor,STD,133,FY2030
Toronto,TOR-01,17th Floor,AWP,44,FY2025
Toronto,TOR-01,17th Floor,AWP,44,FY2026
Toronto,TOR-01,17th Floor,AWP,44,FY2027
Toronto,TOR-01,17th Floor,AWP,44,FY2028
Toronto,TOR-01,17th Floor,AWP,44,FY2029
Toronto,TOR-01,17th Floor,AWP,44,FY2030
Mountain View,MTV-20,3rd Floor,STD,415,FY2025
Mountain View,MTV-20,3rd Floor,STD,415,FY2026
Mountain View,MTV-20,3rd Floor,STD,415,FY2027
Mountain View,MTV-20,3rd Floor,STD,415,FY2028
Mountain View,MTV-20,3rd Floor,STD,415,FY2029
Mountain View,MTV-20,3rd Floor,STD,415,FY2030
San Diego,SDG-4A,4th Floor,AWP,30,FY2025
San Diego,SDG-4A,4th Floor,AWP,30,FY2026
San Diego,SDG-4A,4th Floor,AWP,30,FY2027
San Diego,SDG-4A,4th Floor,AWP,30,FY2028
San Diego,SDG-4A,4th Floor,AWP,30,FY2029
San Diego,SDG-4A,4th Floor,AWP,30,FY2030
Bangalore,BAN-08,6th Floor,AWP,20,FY2025
Bangalore,BAN-08,6th Floor,AWP,20,FY2026
Bangalore,BAN-08,6th Floor,AWP,20,FY2027
Bangalore,BAN-08,6th Floor,AWP,20,FY2028
Bangalore,BAN-08,6th Floor,AWP,20,FY2029
Bangalore,BAN-08,6th Floor,AWP,20,FY2030
Toronto,TOR-01,18th Floor,STD,129,FY2025
Toronto,TOR-01,18th Floor,STD,129,FY2026
Toronto,TOR-01,18th Floor,STD,129,FY2027
Toronto,TOR-01,18th Floor,STD,129,FY2028
Toronto,TOR-01,18th Floor,STD,129,FY2029
Toronto,TOR-01,18th Floor,STD,129,FY2030
San Diego,SDG-3A,2nd Floor,AWP,15,FY2025
San Diego,SDG-3A,2nd Floor,AWP,15,FY2026
San Diego,SDG-3A,2nd Floor,AWP,15,FY2027
San Diego,SDG-3A,2nd Floor,AWP,15,FY2028
San Diego,SDG-3A,2nd Floor,AWP,15,FY2029
San Diego,SDG-3A,2nd Floor,AWP,15,FY2030
Sydney,SDY-05,35th Floor,STD,91,FY2025
Sydney,SDY-05,35th Floor,STD,91,FY2026
Sydney,SDY-05,35th Floor,STD,91,FY2027
Sydney,SDY-05,35th Floor,STD,91,FY2028
Sydney,SDY-05,35th Floor,STD,91,FY2029
Sydney,SDY-05,35th Floor,STD,91,FY2030
Bangalore,BAN-4A,5th Floor,STD,108,FY2025
Bangalore,BAN-4A,5th Floor,STD,108,FY2026
Bangalore,BAN-4A,5th Floor,STD,108,FY2027
Bangalore,BAN-4A,5th Floor,STD,108,FY2028
Bangalore,BAN-4A,5th Floor,STD,108,FY2029
Bangalore,BAN-4A,5th Floor,STD,108,FY2030
San Diego,SDG-2A,4th Floor,STD,155,FY2025
San Diego,SDG-2A,4th Floor,STD,155,FY2026
San Diego,SDG-2A,4th Floor,STD,155,FY2027
San Diego,SDG-2A,4th Floor,STD,155,FY2028
San Diego,SDG-2A,4th Floor,STD,155,FY2029
San Diego,SDG-2A,4th Floor,STD,155,FY2030
Tucson,TCS-01,1st Floor,AWP,11,FY2025
Tucson,TCS-01,1st Floor,AWP,11,FY2026
Tucson,TCS-01,1st Floor,AWP,11,FY2027
Tucson,TCS-01,1st Floor,AWP,11,FY2028
Tucson,TCS-01,1st Floor,AWP,11,FY2029
Tucson,TCS-01,1st Floor,AWP,11,FY2030
San Diego,SDG-3A,4th Floor,AWP,15,FY2025
San Diego,SDG-3A,4th Floor,AWP,15,FY2026
San Diego,SDG-3A,4th Floor,AWP,15,FY2027
San Diego,SDG-3A,4th Floor,AWP,15,FY2028
San Diego,SDG-3A,4th Floor,AWP,15,FY2029
San Diego,SDG-3A,4th Floor,AWP,15,FY2030
Mountain View,MTV-22,1st Floor,AWP,9,FY2025
Mountain View,MTV-22,1st Floor,AWP,9,FY2026
Mountain View,MTV-22,1st Floor,AWP,9,FY2027
Mountain View,MTV-22,1st Floor,AWP,9,FY2028
Mountain View,MTV-22,1st Floor,AWP,9,FY2029
Mountain View,MTV-22,1st Floor,AWP,9,FY2030
Toronto,TOR-01,17th Floor,STD,130,FY2025
Toronto,TOR-01,17th Floor,STD,130,FY2026
Toronto,TOR-01,17th Floor,STD,130,FY2027
Toronto,TOR-01,17th Floor,STD,130,FY2028
Toronto,TOR-01,17th Floor,STD,130,FY2029
Toronto,TOR-01,17th Floor,STD,130,FY2030
San Diego,SDG-2A,1st Floor,AWP,6,FY2025
San Diego,SDG-2A,1st Floor,AWP,6,FY2026
San Diego,SDG-2A,1st Floor,AWP,6,FY2027
San Diego,SDG-2A,1st Floor,AWP,6,FY2028
San Diego,SDG-2A,1st Floor,AWP,6,FY2029
San Diego,SDG-2A,1st Floor,AWP,6,FY2030
Mountain View,MTV-07,1st Floor,AWP,12,FY2025
Mountain View,MTV-07,1st Floor,AWP,12,FY2026
Mountain View,MTV-07,1st Floor,AWP,12,FY2027
Mountain View,MTV-07,1st Floor,AWP,12,FY2028
Mountain View,MTV-07,1st Floor,AWP,12,FY2029
Mountain View,MTV-07,1st Floor,AWP,12,FY2030
Mountain View,MTV-07,1st Floor,STD,158,FY2025
Mountain View,MTV-07,1st Floor,STD,158,FY2026
Mountain View,MTV-07,1st Floor,STD,158,FY2027
Mountain View,MTV-07,1st Floor,STD,158,FY2028
Mountain View,MTV-07,1st Floor,STD,158,FY2029
Mountain View,MTV-07,1st Floor,STD,158,FY2030
Bangalore,BAN-08,Ground Floor,AWP,14,FY2025
Bangalore,BAN-08,Ground Floor,AWP,14,FY2026
Bangalore,BAN-08,Ground Floor,AWP,14,FY2027
Bangalore,BAN-08,Ground Floor,AWP,14,FY2028
Bangalore,BAN-08,Ground Floor,AWP,14,FY2029
Bangalore,BAN-08,Ground Floor,AWP,14,FY2030
Atlanta,ATL-03,8th Floor,AWP,80,FY2025
Atlanta,ATL-03,8th Floor,AWP,80,FY2026
Atlanta,ATL-03,8th Floor,AWP,80,FY2027
Atlanta,ATL-03,8th Floor,AWP,80,FY2028
Atlanta,ATL-03,8th Floor,AWP,80,FY2029
Atlanta,ATL-03,8th Floor,AWP,80,FY2030
Mountain View,MTV-20,1st Floor,AWP,93,FY2025
Mountain View,MTV-20,1st Floor,AWP,93,FY2026
Mountain View,MTV-20,1st Floor,AWP,93,FY2027
Mountain View,MTV-20,1st Floor,AWP,93,FY2028
Mountain View,MTV-20,1st Floor,AWP,93,FY2029
Mountain View,MTV-20,1st Floor,AWP,93,FY2030
Tel Aviv,TLV-02,10th Floor,STD,8,FY2025
Tel Aviv,TLV-02,10th Floor,STD,8,FY2026
Tel Aviv,TLV-02,10th Floor,STD,8,FY2027
Tel Aviv,TLV-02,10th Floor,STD,8,FY2028
Tel Aviv,TLV-02,10th Floor,STD,8,FY2029
Tel Aviv,TLV-02,10th Floor,STD,8,FY2030
Tel Aviv,TLV-02,5th Floor,AWP,8,FY2025
Tel Aviv,TLV-02,5th Floor,AWP,8,FY2026
Tel Aviv,TLV-02,5th Floor,AWP,8,FY2027
Tel Aviv,TLV-02,5th Floor,AWP,8,FY2028
Tel Aviv,TLV-02,5th Floor,AWP,8,FY2029
Tel Aviv,TLV-02,5th Floor,AWP,8,FY2030
Mountain View,MTV-14,1st Floor,AWP,17,FY2025
Mountain View,MTV-14,1st Floor,AWP,17,FY2026
Mountain View,MTV-14,1st Floor,AWP,17,FY2027
Mountain View,MTV-14,1st Floor,AWP,17,FY2028
Mountain View,MTV-14,1st Floor,AWP,17,FY2029
Mountain View,MTV-14,1st Floor,AWP,17,FY2030
Plano,PLN-B,3rd Floor,STD,167,FY2025
Plano,PLN-B,3rd Floor,STD,167,FY2026
Plano,PLN-B,3rd Floor,STD,167,FY2027
Plano,PLN-B,3rd Floor,STD,167,FY2028
Plano,PLN-B,3rd Floor,STD,167,FY2029
Plano,PLN-B,3rd Floor,STD,167,FY2030
San Francisco,SFO-04,5th Floor Project,AWP,10,FY2025
San Francisco,SFO-04,5th Floor Project,AWP,10,FY2026
San Francisco,SFO-04,5th Floor Project,AWP,10,FY2027
San Francisco,SFO-04,5th Floor Project,AWP,10,FY2028
San Francisco,SFO-04,5th Floor Project,AWP,10,FY2029
San Francisco,SFO-04,5th Floor Project,AWP,10,FY2030
Mountain View,MTV-22,3rd Floor,AWP,100,FY2025
Mountain View,MTV-22,3rd Floor,AWP,100,FY2026
Mountain View,MTV-22,3rd Floor,AWP,100,FY2027
Mountain View,MTV-22,3rd Floor,AWP,100,FY2028
Mountain View,MTV-22,3rd Floor,AWP,100,FY2029
Mountain View,MTV-22,3rd Floor,AWP,100,FY2030
Atlanta,ATL-03,T1 - 1st Floor,AWP,10,FY2025
Atlanta,ATL-03,T1 - 1st Floor,AWP,10,FY2026
Atlanta,ATL-03,T1 - 1st Floor,AWP,10,FY2027
Atlanta,ATL-03,T1 - 1st Floor,AWP,10,FY2028
Atlanta,ATL-03,T1 - 1st Floor,AWP,10,FY2029
Atlanta,ATL-03,T1 - 1st Floor,AWP,10,FY2030
Bangalore,BAN-08,8th Floor,STD,98,FY2025
Bangalore,BAN-08,8th Floor,STD,98,FY2026
Bangalore,BAN-08,8th Floor,STD,98,FY2027
Bangalore,BAN-08,8th Floor,STD,98,FY2028
Bangalore,BAN-08,8th Floor,STD,98,FY2029
Bangalore,BAN-08,8th Floor,STD,98,FY2030
Mountain View,MTV-20,2nd Floor,AWP,54,FY2025
Mountain View,MTV-20,2nd Floor,AWP,54,FY2026
Mountain View,MTV-20,2nd Floor,AWP,54,FY2027
Mountain View,MTV-20,2nd Floor,AWP,54,FY2028
Mountain View,MTV-20,2nd Floor,AWP,54,FY2029
Mountain View,MTV-20,2nd Floor,AWP,54,FY2030
Dublin,DUB-01,4th Floor,STD,7,FY2025
Dublin,DUB-01,4th Floor,STD,7,FY2026
Dublin,DUB-01,4th Floor,STD,7,FY2027
Dublin,DUB-01,4th Floor,STD,7,FY2028
Dublin,DUB-01,4th Floor,STD,7,FY2029
Dublin,DUB-01,4th Floor,STD,7,FY2030
Tel Aviv,TLV-02,6th Floor,STD,101,FY2025
Tel Aviv,TLV-02,6th Floor,STD,101,FY2026
Tel Aviv,TLV-02,6th Floor,STD,101,FY2027
Tel Aviv,TLV-02,6th Floor,STD,101,FY2028
Tel Aviv,TLV-02,6th Floor,STD,101,FY2029
Tel Aviv,TLV-02,6th Floor,STD,101,FY2030
Mountain View,MTV-11,1st Floor,STD,242,FY2025
Mountain View,MTV-11,1st Floor,STD,242,FY2026
Mountain View,MTV-11,1st Floor,STD,242,FY2027
Mountain View,MTV-11,1st Floor,STD,242,FY2028
Mountain View,MTV-11,1st Floor,STD,242,FY2029
Mountain View,MTV-11,1st Floor,STD,242,FY2030
Bangalore,BAN-4A,6th Floor,STD,163,FY2025
Bangalore,BAN-4A,6th Floor,STD,163,FY2026
Bangalore,BAN-4A,6th Floor,STD,163,FY2027
Bangalore,BAN-4A,6th Floor,STD,163,FY2028
Bangalore,BAN-4A,6th Floor,STD,163,FY2029
Bangalore,BAN-4A,6th Floor,STD,163,FY2030
Bangalore,BAN-4A,8th Floor,STD,241,FY2025
Bangalore,BAN-4A,8th Floor,STD,241,FY2026
Bangalore,BAN-4A,8th Floor,STD,241,FY2027
Bangalore,BAN-4A,8th Floor,STD,241,FY2028
Bangalore,BAN-4A,8th Floor,STD,241,FY2029
Bangalore,BAN-4A,8th Floor,STD,241,FY2030
Mountain View,MTV-08,1st Floor,STD,60,FY2025
Mountain View,MTV-08,1st Floor,STD,60,FY2026
Mountain View,MTV-08,1st Floor,STD,60,FY2027
Mountain View,MTV-08,1st Floor,STD,60,FY2028
Mountain View,MTV-08,1st Floor,STD,60,FY2029
Mountain View,MTV-08,1st Floor,STD,60,FY2030
Washington DC,WDC-02,8th Floor,AWP,4,FY2025
Washington DC,WDC-02,8th Floor,AWP,4,FY2026
Washington DC,WDC-02,8th Floor,AWP,4,FY2027
Washington DC,WDC-02,8th Floor,AWP,4,FY2028
Washington DC,WDC-02,8th Floor,AWP,4,FY2029
Washington DC,WDC-02,8th Floor,AWP,4,FY2030
Atlanta,ATL-03,6th Floor,AWP,92,FY2025
Atlanta,ATL-03,6th Floor,AWP,92,FY2026
Atlanta,ATL-03,6th Floor,AWP,92,FY2027
Atlanta,ATL-03,6th Floor,AWP,92,FY2028
Atlanta,ATL-03,6th Floor,AWP,92,FY2029
Atlanta,ATL-03,6th Floor,AWP,92,FY2030
Plano,PLN-B,3rd Floor,AWP,14,FY2025
Plano,PLN-B,3rd Floor,AWP,14,FY2026
Plano,PLN-B,3rd Floor,AWP,14,FY2027
Plano,PLN-B,3rd Floor,AWP,14,FY2028
Plano,PLN-B,3rd Floor,AWP,14,FY2029
Plano,PLN-B,3rd Floor,AWP,14,FY2030
San Diego,SDG-4A,2nd Floor,STD,98,FY2025
San Diego,SDG-4A,2nd Floor,STD,98,FY2026
San Diego,SDG-4A,2nd Floor,STD,98,FY2027
San Diego,SDG-4A,2nd Floor,STD,98,FY2028
San Diego,SDG-4A,2nd Floor,STD,98,FY2029
San Diego,SDG-4A,2nd Floor,STD,98,FY2030
Bangalore,BAN-08,4th Floor,AWP,19,FY2025
Bangalore,BAN-08,4th Floor,AWP,19,FY2026
Bangalore,BAN-08,4th Floor,AWP,19,FY2027
Bangalore,BAN-08,4th Floor,AWP,19,FY2028
Bangalore,BAN-08,4th Floor,AWP,19,FY2029
Bangalore,BAN-08,4th Floor,AWP,19,FY2030
Tel Aviv,TLV-02,10th Floor,AWP,3,FY2025
Tel Aviv,TLV-02,10th Floor,AWP,3,FY2026
Tel Aviv,TLV-02,10th Floor,AWP,3,FY2027
Tel Aviv,TLV-02,10th Floor,AWP,3,FY2028
Tel Aviv,TLV-02,10th Floor,AWP,3,FY2029
Tel Aviv,TLV-02,10th Floor,AWP,3,FY2030
San Diego,SDG-4A,3rd Floor,AWP,21,FY2025
San Diego,SDG-4A,3rd Floor,AWP,21,FY2026
San Diego,SDG-4A,3rd Floor,AWP,21,FY2027
San Diego,SDG-4A,3rd Floor,AWP,21,FY2028
San Diego,SDG-4A,3rd Floor,AWP,21,FY2029
San Diego,SDG-4A,3rd Floor,AWP,21,FY2030
Bangalore,BAN-08,6th Floor,STD,100,FY2025
Bangalore,BAN-08,6th Floor,STD,100,FY2026
Bangalore,BAN-08,6th Floor,STD,100,FY2027
Bangalore,BAN-08,6th Floor,STD,100,FY2028
Bangalore,BAN-08,6th Floor,STD,100,FY2029
Bangalore,BAN-08,6th Floor,STD,100,FY2030
San Diego,SDG-4A,1st Floor,STD,117,FY2025
San Diego,SDG-4A,1st Floor,STD,117,FY2026
San Diego,SDG-4A,1st Floor,STD,117,FY2027
San Diego,SDG-4A,1st Floor,STD,117,FY2028
San Diego,SDG-4A,1st Floor,STD,117,FY2029
San Diego,SDG-4A,1st Floor,STD,117,FY2030
Atlanta,ATL-03,T1 - 10th Floor Proj,STD,126,FY2025
Atlanta,ATL-03,T1 - 10th Floor Proj,STD,126,FY2026
Atlanta,ATL-03,T1 - 10th Floor Proj,STD,126,FY2027
Atlanta,ATL-03,T1 - 10th Floor Proj,STD,126,FY2028
Atlanta,ATL-03,T1 - 10th Floor Proj,STD,126,FY2029
Atlanta,ATL-03,T1 - 10th Floor Proj,STD,126,FY2030
Mountain View,MTV-22,4th Floor,AWP,88,FY2025
Mountain View,MTV-22,4th Floor,AWP,88,FY2026
Mountain View,MTV-22,4th Floor,AWP,88,FY2027
Mountain View,MTV-22,4th Floor,AWP,88,FY2028
Mountain View,MTV-22,4th Floor,AWP,88,FY2029
Mountain View,MTV-22,4th Floor,AWP,88,FY2030
Tucson,TCS-01,1st Floor,STD,570,FY2025
Tucson,TCS-01,1st Floor,STD,570,FY2026
Tucson,TCS-01,1st Floor,STD,570,FY2027
Tucson,TCS-01,1st Floor,STD,570,FY2028
Tucson,TCS-01,1st Floor,STD,570,FY2029
Tucson,TCS-01,1st Floor,STD,570,FY2030
Tel Aviv,TLV-02,7th Floor,STD,101,FY2025
Tel Aviv,TLV-02,7th Floor,STD,101,FY2026
Tel Aviv,TLV-02,7th Floor,STD,101,FY2027
Tel Aviv,TLV-02,7th Floor,STD,101,FY2028
Tel Aviv,TLV-02,7th Floor,STD,101,FY2029
Tel Aviv,TLV-02,7th Floor,STD,101,FY2030
San Diego,SDG-4A,3rd Floor,STD,99,FY2025
San Diego,SDG-4A,3rd Floor,STD,99,FY2026
San Diego,SDG-4A,3rd Floor,STD,99,FY2027
San Diego,SDG-4A,3rd Floor,STD,99,FY2028
San Diego,SDG-4A,3rd Floor,STD,99,FY2029
San Diego,SDG-4A,3rd Floor,STD,99,FY2030
San Diego,SDG-1A,3rd Floor,STD,197,FY2025
San Diego,SDG-1A,3rd Floor,STD,197,FY2026
San Diego,SDG-1A,3rd Floor,STD,197,FY2027
San Diego,SDG-1A,3rd Floor,STD,197,FY2028
San Diego,SDG-1A,3rd Floor,STD,197,FY2029
San Diego,SDG-1A,3rd Floor,STD,197,FY2030
Mountain View,MTV-20,2nd Floor,STD,358,FY2025
Mountain View,MTV-20,2nd Floor,STD,358,FY2026
Mountain View,MTV-20,2nd Floor,STD,358,FY2027
Mountain View,MTV-20,2nd Floor,STD,358,FY2028
Mountain View,MTV-20,2nd Floor,STD,358,FY2029
Mountain View,MTV-20,2nd Floor,STD,358,FY2030
Mountain View,MTV-22,2nd Floor,STD,160,FY2025
Mountain View,MTV-22,2nd Floor,STD,160,FY2026
Mountain View,MTV-22,2nd Floor,STD,160,FY2027
Mountain View,MTV-22,2nd Floor,STD,160,FY2028
Mountain View,MTV-22,2nd Floor,STD,160,FY2029
Mountain View,MTV-22,2nd Floor,STD,160,FY2030
Mountain View,MTV-22,4th Floor,STD,193,FY2025
Mountain View,MTV-22,4th Floor,STD,193,FY2026
Mountain View,MTV-22,4th Floor,STD,193,FY2027
Mountain View,MTV-22,4th Floor,STD,193,FY2028
Mountain View,MTV-22,4th Floor,STD,193,FY2029
Mountain View,MTV-22,4th Floor,STD,193,FY2030
Bangalore,BAN-08,2nd Floor,AWP,24,FY2025
Bangalore,BAN-08,2nd Floor,AWP,24,FY2026
Bangalore,BAN-08,2nd Floor,AWP,24,FY2027
Bangalore,BAN-08,2nd Floor,AWP,24,FY2028
Bangalore,BAN-08,2nd Floor,AWP,24,FY2029
Bangalore,BAN-08,2nd Floor,AWP,24,FY2030
San Diego,SDG-2A,2nd Floor,STD,204,FY2025
San Diego,SDG-2A,2nd Floor,STD,204,FY2026
San Diego,SDG-2A,2nd Floor,STD,204,FY2027
San Diego,SDG-2A,2nd Floor,STD,204,FY2028
San Diego,SDG-2A,2nd Floor,STD,204,FY2029
San Diego,SDG-2A,2nd Floor,STD,204,FY2030
Bangalore,BAN-08,7th Floor,STD,100,FY2025
Bangalore,BAN-08,7th Floor,STD,100,FY2026
Bangalore,BAN-08,7th Floor,STD,100,FY2027
Bangalore,BAN-08,7th Floor,STD,100,FY2028
Bangalore,BAN-08,7th Floor,STD,100,FY2029
Bangalore,BAN-08,7th Floor,STD,100,FY2030
Bangalore,BAN-08,8th Floor,AWP,23,FY2025
Bangalore,BAN-08,8th Floor,AWP,23,FY2026
Bangalore,BAN-08,8th Floor,AWP,23,FY2027
Bangalore,BAN-08,8th Floor,AWP,23,FY2028
Bangalore,BAN-08,8th Floor,AWP,23,FY2029
Bangalore,BAN-08,8th Floor,AWP,23,FY2030
Plano,PLN-B,2nd Floor,AWP,13,FY2025
Plano,PLN-B,2nd Floor,AWP,13,FY2026
Plano,PLN-B,2nd Floor,AWP,13,FY2027
Plano,PLN-B,2nd Floor,AWP,13,FY2028
Plano,PLN-B,2nd Floor,AWP,13,FY2029
Plano,PLN-B,2nd Floor,AWP,13,FY2030
Plano,PLN-A,1st Floor,STD,45,FY2025
Plano,PLN-A,1st Floor,STD,45,FY2026
Plano,PLN-A,1st Floor,STD,45,FY2027
Plano,PLN-A,1st Floor,STD,45,FY2028
Plano,PLN-A,1st Floor,STD,45,FY2029
Plano,PLN-A,1st Floor,STD,45,FY2030
Atlanta,ATL-03,T1 - 9th Floor,STD,95,FY2025
Atlanta,ATL-03,T1 - 9th Floor,STD,95,FY2026
Atlanta,ATL-03,T1 - 9th Floor,STD,95,FY2027
Atlanta,ATL-03,T1 - 9th Floor,STD,95,FY2028
Atlanta,ATL-03,T1 - 9th Floor,STD,95,FY2029
Atlanta,ATL-03,T1 - 9th Floor,STD,95,FY2030
Atlanta,ATL-03,T1 - 4th Floor,AWP,37,FY2025
Atlanta,ATL-03,T1 - 4th Floor,AWP,37,FY2026
Atlanta,ATL-03,T1 - 4th Floor,AWP,37,FY2027
Atlanta,ATL-03,T1 - 4th Floor,AWP,37,FY2028
Atlanta,ATL-03,T1 - 4th Floor,AWP,37,FY2029
Atlanta,ATL-03,T1 - 4th Floor,AWP,37,FY2030
Bangalore,BAN-6A,6th Floor,AWP,30,FY2025
Bangalore,BAN-6A,6th Floor,AWP,30,FY2026
Bangalore,BAN-6A,6th Floor,AWP,30,FY2027
Bangalore,BAN-6A,6th Floor,AWP,30,FY2028
Bangalore,BAN-6A,6th Floor,AWP,30,FY2029
Bangalore,BAN-6A,6th Floor,AWP,30,FY2030
Mountain View,MTV-05,1st Floor,AWP,20,FY2025
Mountain View,MTV-05,1st Floor,AWP,20,FY2026
Mountain View,MTV-05,1st Floor,AWP,20,FY2027
Mountain View,MTV-05,1st Floor,AWP,20,FY2028
Mountain View,MTV-05,1st Floor,AWP,20,FY2029
Mountain View,MTV-05,1st Floor,AWP,20,FY2030
Toronto,TOR-01,19th Floor,AWP,43,FY2025
Toronto,TOR-01,19th Floor,AWP,43,FY2026
Toronto,TOR-01,19th Floor,AWP,43,FY2027
Toronto,TOR-01,19th Floor,AWP,43,FY2028
Toronto,TOR-01,19th Floor,AWP,43,FY2029
Toronto,TOR-01,19th Floor,AWP,43,FY2030
San Diego,SDG-2A,1st Floor,STD,26,FY2025
San Diego,SDG-2A,1st Floor,STD,26,FY2026
San Diego,SDG-2A,1st Floor,STD,26,FY2027
San Diego,SDG-2A,1st Floor,STD,26,FY2028
San Diego,SDG-2A,1st Floor,STD,26,FY2029
San Diego,SDG-2A,1st Floor,STD,26,FY2030
Los Angeles,LOS-01,21st Floor,AWP,17,FY2025
Los Angeles,LOS-01,21st Floor,AWP,17,FY2026
Los Angeles,LOS-01,21st Floor,AWP,17,FY2027
Los Angeles,LOS-01,21st Floor,AWP,17,FY2028
Los Angeles,LOS-01,21st Floor,AWP,17,FY2029
Los Angeles,LOS-01,21st Floor,AWP,17,FY2030
San Diego,SDG-1A,1st Floor,STD,79,FY2025
San Diego,SDG-1A,1st Floor,STD,79,FY2026
San Diego,SDG-1A,1st Floor,STD,79,FY2027
San Diego,SDG-1A,1st Floor,STD,79,FY2028
San Diego,SDG-1A,1st Floor,STD,79,FY2029
San Diego,SDG-1A,1st Floor,STD,79,FY2030
San Diego,SDG-2A,4th Floor,AWP,34,FY2025
San Diego,SDG-2A,4th Floor,AWP,34,FY2026
San Diego,SDG-2A,4th Floor,AWP,34,FY2027
San Diego,SDG-2A,4th Floor,AWP,34,FY2028
San Diego,SDG-2A,4th Floor,AWP,34,FY2029
San Diego,SDG-2A,4th Floor,AWP,34,FY2030
San Diego,SDG-3A,1st Floor,STD,20,FY2025
San Diego,SDG-3A,1st Floor,STD,20,FY2026
San Diego,SDG-3A,1st Floor,STD,20,FY2027
San Diego,SDG-3A,1st Floor,STD,20,FY2028
San Diego,SDG-3A,1st Floor,STD,20,FY2029
San Diego,SDG-3A,1st Floor,STD,20,FY2030
Mountain View,MTV-06,1st Floor,AWP,10,FY2025
Mountain View,MTV-06,1st Floor,AWP,10,FY2026
Mountain View,MTV-06,1st Floor,AWP,10,FY2027
Mountain View,MTV-06,1st Floor,AWP,10,FY2028
Mountain View,MTV-06,1st Floor,AWP,10,FY2029
Mountain View,MTV-06,1st Floor,AWP,10,FY2030
Los Angeles,LOS-01,21st Floor,STD,156,FY2025
Los Angeles,LOS-01,21st Floor,STD,156,FY2026
Los Angeles,LOS-01,21st Floor,STD,156,FY2027
Los Angeles,LOS-01,21st Floor,STD,156,FY2028
Los Angeles,LOS-01,21st Floor,STD,156,FY2029
Los Angeles,LOS-01,21st Floor,STD,156,FY2030
San Diego,SDG-2A,2nd Floor,AWP,21,FY2025
San Diego,SDG-2A,2nd Floor,AWP,21,FY2026
San Diego,SDG-2A,2nd Floor,AWP,21,FY2027
San Diego,SDG-2A,2nd Floor,AWP,21,FY2028
San Diego,SDG-2A,2nd Floor,AWP,21,FY2029
San Diego,SDG-2A,2nd Floor,AWP,21,FY2030
Sydney,SDY-05,34th Floor,AWP,6,FY2025
Sydney,SDY-05,34th Floor,AWP,6,FY2026
Sydney,SDY-05,34th Floor,AWP,6,FY2027
Sydney,SDY-05,34th Floor,AWP,6,FY2028
Sydney,SDY-05,34th Floor,AWP,6,FY2029
Sydney,SDY-05,34th Floor,AWP,6,FY2030
Bangalore,BAN-4A,7th Floor,AWP,6,FY2025
Bangalore,BAN-4A,7th Floor,AWP,6,FY2026
Bangalore,BAN-4A,7th Floor,AWP,6,FY2027
Bangalore,BAN-4A,7th Floor,AWP,6,FY2028
Bangalore,BAN-4A,7th Floor,AWP,6,FY2029
Bangalore,BAN-4A,7th Floor,AWP,6,FY2030
Sydney,SDY-05,34th Floor,STD,92,FY2025
Sydney,SDY-05,34th Floor,STD,92,FY2026
Sydney,SDY-05,34th Floor,STD,92,FY2027
Sydney,SDY-05,34th Floor,STD,92,FY2028
Sydney,SDY-05,34th Floor,STD,92,FY2029
Sydney,SDY-05,34th Floor,STD,92,FY2030
Mountain View,MTV-08,2nd Floor Project,AWP,6,FY2025
Mountain View,MTV-08,2nd Floor Project,AWP,6,FY2026
Mountain View,MTV-08,2nd Floor Project,AWP,6,FY2027
Mountain View,MTV-08,2nd Floor Project,AWP,6,FY2028
Mountain View,MTV-08,2nd Floor Project,AWP,6,FY2029
Mountain View,MTV-08,2nd Floor Project,AWP,6,FY2030
Atlanta,ATL-03,T1 - 3rd Floor Proje,AWP,6,FY2025
Atlanta,ATL-03,T1 - 3rd Floor Proje,AWP,6,FY2026
Atlanta,ATL-03,T1 - 3rd Floor Proje,AWP,6,FY2027
Atlanta,ATL-03,T1 - 3rd Floor Proje,AWP,6,FY2028
Atlanta,ATL-03,T1 - 3rd Floor Proje,AWP,6,FY2029
Atlanta,ATL-03,T1 - 3rd Floor Proje,AWP,6,FY2030
Toronto,TOR-01,16th Floor,STD,133,FY2025
Toronto,TOR-01,16th Floor,STD,133,FY2026
Toronto,TOR-01,16th Floor,STD,133,FY2027
Toronto,TOR-01,16th Floor,STD,133,FY2028
Toronto,TOR-01,16th Floor,STD,133,FY2029
Toronto,TOR-01,16th Floor,STD,133,FY2030
Toronto,TOR-01,19th Floor,STD,10,FY2025
Toronto,TOR-01,19th Floor,STD,10,FY2026
Toronto,TOR-01,19th Floor,STD,10,FY2027
Toronto,TOR-01,19th Floor,STD,10,FY2028
Toronto,TOR-01,19th Floor,STD,10,FY2029
Toronto,TOR-01,19th Floor,STD,10,FY2030
Mountain View,MTV-04,2nd Floor,AWP,11,FY2025
Mountain View,MTV-04,2nd Floor,AWP,11,FY2026
Mountain View,MTV-04,2nd Floor,AWP,11,FY2027
Mountain View,MTV-04,2nd Floor,AWP,11,FY2028
Mountain View,MTV-04,2nd Floor,AWP,11,FY2029
Mountain View,MTV-04,2nd Floor,AWP,11,FY2030
London,LON-04,5th Floor,STD,259,FY2025
London,LON-04,5th Floor,STD,259,FY2026
London,LON-04,5th Floor,STD,259,FY2027
London,LON-04,5th Floor,STD,259,FY2028
London,LON-04,5th Floor,STD,259,FY2029
London,LON-04,5th Floor,STD,259,FY2030
Atlanta,ATL-03,T1 - 5th Floor,STD,126,FY2025
Atlanta,ATL-03,T1 - 5th Floor,STD,126,FY2026
Atlanta,ATL-03,T1 - 5th Floor,STD,126,FY2027
Atlanta,ATL-03,T1 - 5th Floor,STD,126,FY2028
Atlanta,ATL-03,T1 - 5th Floor,STD,126,FY2029
Atlanta,ATL-03,T1 - 5th Floor,STD,126,FY2030
Bangalore,BAN-08,7th Floor,AWP,19,FY2025
Bangalore,BAN-08,7th Floor,AWP,19,FY2026
Bangalore,BAN-08,7th Floor,AWP,19,FY2027
Bangalore,BAN-08,7th Floor,AWP,19,FY2028
Bangalore,BAN-08,7th Floor,AWP,19,FY2029
Bangalore,BAN-08,7th Floor,AWP,19,FY2030
Atlanta,ATL-03,T1 - 9th Floor,AWP,34,FY2025
Atlanta,ATL-03,T1 - 9th Floor,AWP,34,FY2026
Atlanta,ATL-03,T1 - 9th Floor,AWP,34,FY2027
Atlanta,ATL-03,T1 - 9th Floor,AWP,34,FY2028
Atlanta,ATL-03,T1 - 9th Floor,AWP,34,FY2029
Atlanta,ATL-03,T1 - 9th Floor,AWP,34,FY2030
Reno,RNO-1S,1st Floor,STD,87,FY2025
Reno,RNO-1S,1st Floor,STD,87,FY2026
Reno,RNO-1S,1st Floor,STD,87,FY2027
Reno,RNO-1S,1st Floor,STD,87,FY2028
Reno,RNO-1S,1st Floor,STD,87,FY2029
Reno,RNO-1S,1st Floor,STD,87,FY2030
Mountain View,MTV-22,3rd Floor,STD,250,FY2025
Mountain View,MTV-22,3rd Floor,STD,250,FY2026
Mountain View,MTV-22,3rd Floor,STD,250,FY2027
Mountain View,MTV-22,3rd Floor,STD,250,FY2028
Mountain View,MTV-22,3rd Floor,STD,250,FY2029
Mountain View,MTV-22,3rd Floor,STD,250,FY2030
Atlanta,ATL-03,6th Floor,STD,216,FY2025
Atlanta,ATL-03,6th Floor,STD,216,FY2026
Atlanta,ATL-03,6th Floor,STD,216,FY2027
Atlanta,ATL-03,6th Floor,STD,216,FY2028
Atlanta,ATL-03,6th Floor,STD,216,FY2029
Atlanta,ATL-03,6th Floor,STD,216,FY2030
San Diego,SDG-3A,1st Floor,AWP,43,FY2025
San Diego,SDG-3A,1st Floor,AWP,43,FY2026
San Diego,SDG-3A,1st Floor,AWP,43,FY2027
San Diego,SDG-3A,1st Floor,AWP,43,FY2028
San Diego,SDG-3A,1st Floor,AWP,43,FY2029
San Diego,SDG-3A,1st Floor,AWP,43,FY2030
Mountain View,MTV-09,1st Floor,STD,28,FY2025
Mountain View,MTV-09,1st Floor,STD,28,FY2026
Mountain View,MTV-09,1st Floor,STD,28,FY2027
Mountain View,MTV-09,1st Floor,STD,28,FY2028
Mountain View,MTV-09,1st Floor,STD,28,FY2029
Mountain View,MTV-09,1st Floor,STD,28,FY2030
Bangalore,BAN-08,4th Floor,STD,98,FY2025
Bangalore,BAN-08,4th Floor,STD,98,FY2026
Bangalore,BAN-08,4th Floor,STD,98,FY2027
Bangalore,BAN-08,4th Floor,STD,98,FY2028
Bangalore,BAN-08,4th Floor,STD,98,FY2029
Bangalore,BAN-08,4th Floor,STD,98,FY2030
Bangalore,BAN-08,5th Floor,STD,102,FY2025
Bangalore,BAN-08,5th Floor,STD,102,FY2026
Bangalore,BAN-08,5th Floor,STD,102,FY2027
Bangalore,BAN-08,5th Floor,STD,102,FY2028
Bangalore,BAN-08,5th Floor,STD,102,FY2029
Bangalore,BAN-08,5th Floor,STD,102,FY2030
Bangalore,BAN-08,2nd Floor,STD,86,FY2025
Bangalore,BAN-08,2nd Floor,STD,86,FY2026
Bangalore,BAN-08,2nd Floor,STD,86,FY2027
Bangalore,BAN-08,2nd Floor,STD,86,FY2028
Bangalore,BAN-08,2nd Floor,STD,86,FY2029
Bangalore,BAN-08,2nd Floor,STD,86,FY2030
Atlanta,ATL-03,T1 - 3rd Floor Proje,STD,126,FY2025
Atlanta,ATL-03,T1 - 3rd Floor Proje,STD,126,FY2026
Atlanta,ATL-03,T1 - 3rd Floor Proje,STD,126,FY2027
Atlanta,ATL-03,T1 - 3rd Floor Proje,STD,126,FY2028
Atlanta,ATL-03,T1 - 3rd Floor Proje,STD,126,FY2029
Atlanta,ATL-03,T1 - 3rd Floor Proje,STD,126,FY2030
Atlanta,ATL-03,T1 - 11th Floor Proj,STD,126,FY2025
Atlanta,ATL-03,T1 - 11th Floor Proj,STD,126,FY2026
Atlanta,ATL-03,T1 - 11th Floor Proj,STD,126,FY2027
Atlanta,ATL-03,T1 - 11th Floor Proj,STD,126,FY2028
Atlanta,ATL-03,T1 - 11th Floor Proj,STD,126,FY2029
Atlanta,ATL-03,T1 - 11th Floor Proj,STD,126,FY2030
Mountain View,MTV-20,4th Floor,AWP,14,FY2025
Mountain View,MTV-20,4th Floor,AWP,14,FY2026
Mountain View,MTV-20,4th Floor,AWP,14,FY2027
Mountain View,MTV-20,4th Floor,AWP,14,FY2028
Mountain View,MTV-20,4th Floor,AWP,14,FY2029
Mountain View,MTV-20,4th Floor,AWP,14,FY2030
San Diego,SDG-3A,4th Floor,STD,230,FY2025
San Diego,SDG-3A,4th Floor,STD,230,FY2026
San Diego,SDG-3A,4th Floor,STD,230,FY2027
San Diego,SDG-3A,4th Floor,STD,230,FY2028
San Diego,SDG-3A,4th Floor,STD,230,FY2029
San Diego,SDG-3A,4th Floor,STD,230,FY2030
Mountain View,MTV-11,1st Floor,AWP,12,FY2025
Mountain View,MTV-11,1st Floor,AWP,12,FY2026
Mountain View,MTV-11,1st Floor,AWP,12,FY2027
Mountain View,MTV-11,1st Floor,AWP,12,FY2028
Mountain View,MTV-11,1st Floor,AWP,12,FY2029
Mountain View,MTV-11,1st Floor,AWP,12,FY2030
San Diego,SDG-3A,3rd Floor,STD,188,FY2025
San Diego,SDG-3A,3rd Floor,STD,188,FY2026
San Diego,SDG-3A,3rd Floor,STD,188,FY2027
San Diego,SDG-3A,3rd Floor,STD,188,FY2028
San Diego,SDG-3A,3rd Floor,STD,188,FY2029
San Diego,SDG-3A,3rd Floor,STD,188,FY2030
San Diego,SDG-1A,4th Floor,AWP,9,FY2025
San Diego,SDG-1A,4th Floor,AWP,9,FY2026
San Diego,SDG-1A,4th Floor,AWP,9,FY2027
San Diego,SDG-1A,4th Floor,AWP,9,FY2028
San Diego,SDG-1A,4th Floor,AWP,9,FY2029
San Diego,SDG-1A,4th Floor,AWP,9,FY2030
Reno,RNO-1S,2nd Floor,STD,148,FY2025
Reno,RNO-1S,2nd Floor,STD,148,FY2026
Reno,RNO-1S,2nd Floor,STD,148,FY2027
Reno,RNO-1S,2nd Floor,STD,148,FY2028
Reno,RNO-1S,2nd Floor,STD,148,FY2029
Reno,RNO-1S,2nd Floor,STD,148,FY2030
San Diego,SDG-1A,3rd Floor,AWP,9,FY2025
San Diego,SDG-1A,3rd Floor,AWP,9,FY2026
San Diego,SDG-1A,3rd Floor,AWP,9,FY2027
San Diego,SDG-1A,3rd Floor,AWP,9,FY2028
San Diego,SDG-1A,3rd Floor,AWP,9,FY2029
San Diego,SDG-1A,3rd Floor,AWP,9,FY2030
Atlanta,ATL-03,7th Floor,STD,217,FY2025
Atlanta,ATL-03,7th Floor,STD,217,FY2026
Atlanta,ATL-03,7th Floor,STD,217,FY2027
Atlanta,ATL-03,7th Floor,STD,217,FY2028
Atlanta,ATL-03,7th Floor,STD,217,FY2029
Atlanta,ATL-03,7th Floor,STD,217,FY2030
Bangalore,BAN-6A,6th Floor,STD,189,FY2025
Bangalore,BAN-6A,6th Floor,STD,189,FY2026
Bangalore,BAN-6A,6th Floor,STD,189,FY2027
Bangalore,BAN-6A,6th Floor,STD,189,FY2028
Bangalore,BAN-6A,6th Floor,STD,189,FY2029
Bangalore,BAN-6A,6th Floor,STD,189,FY2030
Mountain View,MTV-07,2nd Floor,AWP,24,FY2025
Mountain View,MTV-07,2nd Floor,AWP,24,FY2026
Mountain View,MTV-07,2nd Floor,AWP,24,FY2027
Mountain View,MTV-07,2nd Floor,AWP,24,FY2028
Mountain View,MTV-07,2nd Floor,AWP,24,FY2029
Mountain View,MTV-07,2nd Floor,AWP,24,FY2030
San Diego,SDG-4A,4th Floor,STD,175,FY2025
San Diego,SDG-4A,4th Floor,STD,175,FY2026
San Diego,SDG-4A,4th Floor,STD,175,FY2027
San Diego,SDG-4A,4th Floor,STD,175,FY2028
San Diego,SDG-4A,4th Floor,STD,175,FY2029
San Diego,SDG-4A,4th Floor,STD,175,FY2030
Reno,RNO-1S,2nd Floor,AWP,9,FY2025
Reno,RNO-1S,2nd Floor,AWP,9,FY2026
Reno,RNO-1S,2nd Floor,AWP,9,FY2027
Reno,RNO-1S,2nd Floor,AWP,9,FY2028
Reno,RNO-1S,2nd Floor,AWP,9,FY2029
Reno,RNO-1S,2nd Floor,AWP,9,FY2030
Mountain View,MTV-11,2nd Floor,STD,212,FY2025
Mountain View,MTV-11,2nd Floor,STD,212,FY2026
Mountain View,MTV-11,2nd Floor,STD,212,FY2027
Mountain View,MTV-11,2nd Floor,STD,212,FY2028
Mountain View,MTV-11,2nd Floor,STD,212,FY2029
Mountain View,MTV-11,2nd Floor,STD,212,FY2030
Bangalore,BAN-6A,7th Floor,STD,220,FY2025
Bangalore,BAN-6A,7th Floor,STD,220,FY2026
Bangalore,BAN-6A,7th Floor,STD,220,FY2027
Bangalore,BAN-6A,7th Floor,STD,220,FY2028
Bangalore,BAN-6A,7th Floor,STD,220,FY2029
Bangalore,BAN-6A,7th Floor,STD,220,FY2030
New York,NYC-04,3rd Floor,AWP,32,FY2025
New York,NYC-04,3rd Floor,AWP,32,FY2026
New York,NYC-04,3rd Floor,AWP,32,FY2027
New York,NYC-04,3rd Floor,AWP,32,FY2028
New York,NYC-04,3rd Floor,AWP,32,FY2029
New York,NYC-04,3rd Floor,AWP,32,FY2030
Tel Aviv,TLV-02,8th Floor,STD,101,FY2025
Tel Aviv,TLV-02,8th Floor,STD,101,FY2026
Tel Aviv,TLV-02,8th Floor,STD,101,FY2027
Tel Aviv,TLV-02,8th Floor,STD,101,FY2028
Tel Aviv,TLV-02,8th Floor,STD,101,FY2029
Tel Aviv,TLV-02,8th Floor,STD,101,FY2030
Los Angeles,LOS-01,22nd Floor,AWP,23,FY2025
Los Angeles,LOS-01,22nd Floor,AWP,23,FY2026
Los Angeles,LOS-01,22nd Floor,AWP,23,FY2027
Los Angeles,LOS-01,22nd Floor,AWP,23,FY2028
Los Angeles,LOS-01,22nd Floor,AWP,23,FY2029
Los Angeles,LOS-01,22nd Floor,AWP,23,FY2030
Mountain View,MTV-08,1st Floor,AWP,17,FY2025
Mountain View,MTV-08,1st Floor,AWP,17,FY2026
Mountain View,MTV-08,1st Floor,AWP,17,FY2027
Mountain View,MTV-08,1st Floor,AWP,17,FY2028
Mountain View,MTV-08,1st Floor,AWP,17,FY2029
Mountain View,MTV-08,1st Floor,AWP,17,FY2030
Mountain View,MTV-20,1st Floor,STD,225,FY2025
Mountain View,MTV-20,1st Floor,STD,225,FY2026
Mountain View,MTV-20,1st Floor,STD,225,FY2027
Mountain View,MTV-20,1st Floor,STD,225,FY2028
Mountain View,MTV-20,1st Floor,STD,225,FY2029
Mountain View,MTV-20,1st Floor,STD,225,FY2030
Mountain View,MTV-08,2nd Floor Project,STD,150,FY2025
Mountain View,MTV-08,2nd Floor Project,STD,150,FY2026
Mountain View,MTV-08,2nd Floor Project,STD,150,FY2027
Mountain View,MTV-08,2nd Floor Project,STD,150,FY2028
Mountain View,MTV-08,2nd Floor Project,STD,150,FY2029
Mountain View,MTV-08,2nd Floor Project,STD,150,FY2030
Bangalore,BAN-6A,7th Floor,AWP,16,FY2025
Bangalore,BAN-6A,7th Floor,AWP,16,FY2026
Bangalore,BAN-6A,7th Floor,AWP,16,FY2027
Bangalore,BAN-6A,7th Floor,AWP,16,FY2028
Bangalore,BAN-6A,7th Floor,AWP,16,FY2029
Bangalore,BAN-6A,7th Floor,AWP,16,FY2030
Mountain View,MTV-09,2nd Floor,AWP,5,FY2025
Mountain View,MTV-09,2nd Floor,AWP,5,FY2026
Mountain View,MTV-09,2nd Floor,AWP,5,FY2027
Mountain View,MTV-09,2nd Floor,AWP,5,FY2028
Mountain View,MTV-09,2nd Floor,AWP,5,FY2029
Mountain View,MTV-09,2nd Floor,AWP,5,FY2030
Bangalore,BAN-4A,5th Floor,AWP,10,FY2025
Bangalore,BAN-4A,5th Floor,AWP,10,FY2026
Bangalore,BAN-4A,5th Floor,AWP,10,FY2027
Bangalore,BAN-4A,5th Floor,AWP,10,FY2028
Bangalore,BAN-4A,5th Floor,AWP,10,FY2029
Bangalore,BAN-4A,5th Floor,AWP,10,FY2030
Bangalore,BAN-08,3rd Floor,STD,100,FY2025
Bangalore,BAN-08,3rd Floor,STD,100,FY2026
Bangalore,BAN-08,3rd Floor,STD,100,FY2027
Bangalore,BAN-08,3rd Floor,STD,100,FY2028
Bangalore,BAN-08,3rd Floor,STD,100,FY2029
Bangalore,BAN-08,3rd Floor,STD,100,FY2030
Atlanta,ATL-03,T1 - 4th Floor,STD,126,FY2025
Atlanta,ATL-03,T1 - 4th Floor,STD,126,FY2026
Atlanta,ATL-03,T1 - 4th Floor,STD,126,FY2027
Atlanta,ATL-03,T1 - 4th Floor,STD,126,FY2028
Atlanta,ATL-03,T1 - 4th Floor,STD,126,FY2029
Atlanta,ATL-03,T1 - 4th Floor,STD,126,FY2030
Mountain View,MTV-14,2nd Floor,STD,116,FY2025
Mountain View,MTV-14,2nd Floor,STD,116,FY2026
Mountain View,MTV-14,2nd Floor,STD,116,FY2027
Mountain View,MTV-14,2nd Floor,STD,116,FY2028
Mountain View,MTV-14,2nd Floor,STD,116,FY2029
Mountain View,MTV-14,2nd Floor,STD,116,FY2030
Mountain View,MTV-04,1st Floor,AWP,14,FY2025
Mountain View,MTV-04,1st Floor,AWP,14,FY2026
Mountain View,MTV-04,1st Floor,AWP,14,FY2027
Mountain View,MTV-04,1st Floor,AWP,14,FY2028
Mountain View,MTV-04,1st Floor,AWP,14,FY2029
Mountain View,MTV-04,1st Floor,AWP,14,FY2030